State,Region,Crop,Rainfall_mm,Temperature_C,Price_per_Quintal
Punjab,Lucknow,Mustard,78.49,22.94,2109.81
Uttar Pradesh,Azamgarh,Rice,56.09,35.52,2004.97
Maharashtra,Varanasi,Potato,53.81,29.92,3388.61
Maharashtra,Bhopal,Sugarcane,105.16,38.26,2565.64
Uttar Pradesh,Pune,Rice,64.54,26.95,3024.78
Bihar,Pune,Rice,178.31,15.07,2462.91
Maharashtra,Pune,Sugarcane,137.32,36.48,2907.8
Bihar,Patna,Potato,156.26,27.8,1755.82
Madhya Pradesh,Varanasi,Potato,109.78,20.04,1617.14
Bihar,Bhopal,Wheat,155.83,37.57,2530.35
Uttar Pradesh,Azamgarh,Wheat,56.72,20.24,2644.72
Maharashtra,Patna,Wheat,109.52,16.5,2728.44
Bihar,Azamgarh,Rice,58.5,17.91,2824.42
Uttar Pradesh,Bhopal,Potato,83.89,23.92,2069.37
Madhya Pradesh,Varanasi,Wheat,67.32,36.19,3495.32
Punjab,Patna,Sugarcane,60.0,35.32,2870.84
Punjab,Patna,Wheat,50.25,23.97,1945.89
Punjab,Varanasi,Mustard,103.23,18.61,1691.63
Punjab,Patna,Potato,121.86,39.54,2519.9
Punjab,Patna,Mustard,146.36,23.62,1403.36
Bihar,Lucknow,Mustard,141.73,31.58,3281.77
Uttar Pradesh,Kanpur,Rice,181.33,33.42,2734.05
Bihar,Kanpur,Mustard,140.81,16.99,1389.45
Bihar,Pune,Wheat,121.21,20.44,2030.65
Madhya Pradesh,Azamgarh,Wheat,91.79,30.47,1875.27
Uttar Pradesh,Kanpur,Mustard,108.72,32.59,3437.92
Maharashtra,Lucknow,Rice,53.15,32.4,3187.35
Punjab,Kanpur,Sugarcane,183.89,18.72,2246.97
Maharashtra,Bhopal,Wheat,109.46,32.12,1959.06
Maharashtra,Bhopal,Wheat,188.5,25.87,2592.94
Uttar Pradesh,Kanpur,Mustard,190.67,15.4,1817.79
Maharashtra,Patna,Mustard,157.65,38.25,2784.05
Punjab,Bhopal,Rice,165.33,38.32,3103.85
Punjab,Azamgarh,Potato,173.43,20.92,1885.75
Maharashtra,Varanasi,Potato,134.54,21.06,3260.1
Bihar,Varanasi,Mustard,58.09,33.77,2229.97
Bihar,Pune,Sugarcane,55.54,23.66,2470.3
Maharashtra,Azamgarh,Sugarcane,187.51,32.32,1953.31
Uttar Pradesh,Patna,Wheat,171.33,28.34,3259.09
Maharashtra,Bhopal,Sugarcane,90.47,22.86,3456.91
Madhya Pradesh,Patna,Rice,141.23,21.34,1824.39
Uttar Pradesh,Azamgarh,Potato,192.07,18.36,1378.11
Uttar Pradesh,Bhopal,Rice,164.97,22.29,2044.57
Maharashtra,Pune,Rice,105.97,34.74,2186.97
Punjab,Kanpur,Sugarcane,74.06,25.6,3053.02
Bihar,Varanasi,Potato,164.9,29.44,3197.58
Uttar Pradesh,Patna,Sugarcane,119.13,17.27,3113.85
Bihar,Pune,Wheat,180.7,31.91,2316.82
Madhya Pradesh,Pune,Rice,69.47,32.77,2726.83
Maharashtra,Azamgarh,Mustard,146.34,34.34,2744.06
Bihar,Pune,Sugarcane,66.87,15.37,2688.83
Uttar Pradesh,Varanasi,Mustard,124.28,23.66,1591.08
Bihar,Kanpur,Wheat,97.08,36.93,3392.92
Bihar,Pune,Sugarcane,119.49,37.2,1946.93
Bihar,Pune,Rice,116.56,38.37,2965.76
Uttar Pradesh,Varanasi,Mustard,116.72,20.44,3122.12
Maharashtra,Azamgarh,Mustard,126.91,31.68,2107.43
Maharashtra,Kanpur,Potato,178.93,34.88,2341.77
Bihar,Varanasi,Wheat,173.27,39.06,2473.91
Bihar,Kanpur,Rice,172.4,18.19,1733.08
Uttar Pradesh,Lucknow,Rice,112.29,35.45,2766.53
Uttar Pradesh,Kanpur,Wheat,196.09,15.3,1739.33
Bihar,Azamgarh,Wheat,189.55,30.75,3295.35
Bihar,Lucknow,Potato,190.66,16.09,1525.1
Madhya Pradesh,Azamgarh,Mustard,110.7,34.54,2040.38
Maharashtra,Azamgarh,Potato,115.66,20.47,1643.66
Uttar Pradesh,Patna,Rice,144.29,32.54,2890.61
Bihar,Patna,Potato,125.28,19.49,2862.04
Punjab,Pune,Sugarcane,63.8,28.56,3220.32
Madhya Pradesh,Kanpur,Potato,111.33,32.99,1658.89
Maharashtra,Azamgarh,Sugarcane,113.67,27.18,3467.15
Bihar,Lucknow,Sugarcane,59.6,25.56,2254.92
Maharashtra,Azamgarh,Wheat,145.17,35.42,3142.53
Madhya Pradesh,Lucknow,Mustard,170.88,39.24,2315.24
Bihar,Bhopal,Sugarcane,111.48,21.46,2252.08
Bihar,Kanpur,Wheat,160.41,18.91,1401.69
Bihar,Varanasi,Wheat,63.63,22.07,2116.95
Bihar,Azamgarh,Sugarcane,129.82,30.44,3193.82
Punjab,Kanpur,Rice,91.87,17.01,3096.51
Bihar,Kanpur,Wheat,90.46,38.61,3516.94
Uttar Pradesh,Patna,Wheat,126.56,37.44,2074.6
Punjab,Lucknow,Potato,194.05,28.93,1548.01
Punjab,Azamgarh,Rice,197.24,35.69,2437.56
Madhya Pradesh,Varanasi,Wheat,192.94,29.62,1562.62
Punjab,Varanasi,Rice,171.72,21.63,3107.4
Punjab,Varanasi,Wheat,148.45,21.55,2806.25
Madhya Pradesh,Bhopal,Wheat,127.96,19.47,2283.76
Uttar Pradesh,Kanpur,Potato,115.25,20.35,2709.45
Uttar Pradesh,Kanpur,Sugarcane,82.65,33.07,2218.89
Maharashtra,Patna,Sugarcane,156.77,25.58,2326.65
Madhya Pradesh,Kanpur,Wheat,112.99,19.7,1918.43
Maharashtra,Varanasi,Sugarcane,171.48,29.88,2398.12
Uttar Pradesh,Kanpur,Sugarcane,148.94,21.11,2343.5
Uttar Pradesh,Lucknow,Wheat,114.57,19.16,3230.21
Bihar,Kanpur,Sugarcane,88.81,17.43,3271.73
Punjab,Bhopal,Sugarcane,143.81,26.62,1848.01
Maharashtra,Kanpur,Potato,55.92,37.11,2382.56
Bihar,Varanasi,Mustard,74.54,31.74,2736.26
Madhya Pradesh,Azamgarh,Wheat,183.33,24.93,1704.17
Maharashtra,Patna,Mustard,157.38,35.01,3132.98
Bihar,Patna,Mustard,130.57,30.95,1616.69
Madhya Pradesh,Lucknow,Wheat,156.11,32.63,3345.23
Punjab,Pune,Sugarcane,77.5,18.73,2057.26
Uttar Pradesh,Lucknow,Mustard,153.51,15.74,3103.35
Uttar Pradesh,Bhopal,Potato,144.34,16.51,2250.1
Madhya Pradesh,Lucknow,Rice,196.28,24.03,1460.52
Uttar Pradesh,Kanpur,Sugarcane,103.49,38.42,2670.57
Bihar,Varanasi,Wheat,53.81,26.81,2258.29
Maharashtra,Azamgarh,Rice,78.37,36.54,2108.37
Maharashtra,Azamgarh,Potato,70.73,22.97,3175.45
Uttar Pradesh,Azamgarh,Potato,129.81,24.91,2151.49
Bihar,Bhopal,Mustard,178.23,27.38,1681.87
Bihar,Kanpur,Rice,105.89,22.59,1959.41
Madhya Pradesh,Pune,Rice,81.84,29.58,2635.44
Madhya Pradesh,Kanpur,Wheat,136.17,20.79,1970.97
Bihar,Pune,Sugarcane,195.59,18.46,1898.75
Maharashtra,Patna,Wheat,76.26,24.12,3353.66
Punjab,Lucknow,Sugarcane,144.77,31.81,2911.41
Punjab,Kanpur,Potato,182.99,36.22,2129.67
Maharashtra,Azamgarh,Sugarcane,106.05,22.27,2305.09
Punjab,Pune,Rice,69.59,22.43,2821.39
Maharashtra,Patna,Mustard,154.87,20.6,2576.59
Uttar Pradesh,Azamgarh,Mustard,198.5,17.93,2775.66
Madhya Pradesh,Pune,Wheat,123.12,21.88,1751.2
Punjab,Kanpur,Sugarcane,169.29,33.25,2119.13
Uttar Pradesh,Kanpur,Sugarcane,121.67,17.88,2355.55
Madhya Pradesh,Patna,Potato,59.87,27.76,1912.51
Uttar Pradesh,Azamgarh,Potato,78.11,16.61,1963.99
Maharashtra,Bhopal,Potato,117.99,33.55,2338.63
Madhya Pradesh,Lucknow,Mustard,137.11,31.09,3210.75
Maharashtra,Azamgarh,Rice,101.02,21.48,2109.7
Bihar,Pune,Potato,159.26,16.45,1610.62
Maharashtra,Varanasi,Mustard,110.87,34.88,3583.95
Maharashtra,Kanpur,Wheat,59.66,32.18,1709.18
Maharashtra,Pune,Wheat,61.28,36.62,1779.6
Uttar Pradesh,Lucknow,Mustard,107.59,19.71,2251.75
Uttar Pradesh,Pune,Potato,183.84,17.97,2705.12
Punjab,Pune,Sugarcane,175.64,37.85,2003.28
Madhya Pradesh,Azamgarh,Wheat,86.1,32.36,2500.02
Uttar Pradesh,Azamgarh,Mustard,186.74,36.72,2920.42
Bihar,Varanasi,Sugarcane,158.89,35.48,2938.09
Bihar,Azamgarh,Wheat,169.55,27.26,1773.47
Punjab,Bhopal,Rice,170.12,24.03,1393.0
Punjab,Azamgarh,Wheat,128.53,19.27,2328.65
Maharashtra,Azamgarh,Mustard,99.76,34.16,3449.64
Maharashtra,Bhopal,Sugarcane,72.92,16.26,1602.36
Punjab,Kanpur,Sugarcane,142.29,28.96,2686.65
Maharashtra,Pune,Potato,101.46,20.51,2097.74
Madhya Pradesh,Azamgarh,Rice,55.47,28.75,2160.59
Bihar,Azamgarh,Wheat,117.03,24.5,3285.91
Maharashtra,Kanpur,Potato,88.61,24.56,3014.89
Uttar Pradesh,Bhopal,Wheat,123.31,39.97,2226.71
Uttar Pradesh,Azamgarh,Mustard,128.08,34.47,1861.4
Maharashtra,Pune,Potato,151.06,31.5,3388.82
Bihar,Kanpur,Potato,182.46,21.73,3098.38
Maharashtra,Kanpur,Sugarcane,180.21,25.28,2908.73
Madhya Pradesh,Varanasi,Mustard,144.9,17.59,2689.38
Bihar,Lucknow,Wheat,118.79,37.58,2949.59
Madhya Pradesh,Pune,Sugarcane,140.59,23.7,3041.63
Punjab,Kanpur,Wheat,140.39,29.56,2218.55
Punjab,Patna,Mustard,168.4,19.44,2801.08
Uttar Pradesh,Patna,Rice,165.43,36.26,3244.83
Maharashtra,Pune,Sugarcane,104.15,27.96,2053.07
Maharashtra,Pune,Sugarcane,80.98,31.91,2303.98
Punjab,Pune,Mustard,191.48,24.44,3197.84
Uttar Pradesh,Varanasi,Potato,115.6,16.59,1631.28
Punjab,Pune,Rice,70.41,18.76,2393.89
Madhya Pradesh,Lucknow,Mustard,116.27,25.26,3258.31
Madhya Pradesh,Varanasi,Rice,60.02,33.05,2542.54
Madhya Pradesh,Bhopal,Mustard,58.6,33.12,2228.64
Uttar Pradesh,Bhopal,Sugarcane,176.23,20.37,1972.75
Bihar,Patna,Rice,150.33,20.22,1596.65
Uttar Pradesh,Kanpur,Potato,97.18,17.4,2297.26
Maharashtra,Bhopal,Wheat,128.33,33.21,2088.53
Bihar,Azamgarh,Mustard,58.93,28.58,1870.17
Punjab,Patna,Wheat,85.01,26.65,2707.77
Madhya Pradesh,Patna,Wheat,92.96,27.9,3015.92
Bihar,Varanasi,Mustard,66.81,20.32,1865.41
Punjab,Bhopal,Potato,115.58,20.09,3351.34
Punjab,Varanasi,Sugarcane,142.47,37.29,2550.07
Bihar,Azamgarh,Rice,193.32,37.91,3119.96
Uttar Pradesh,Bhopal,Wheat,116.44,25.53,1752.04
Bihar,Patna,Rice,198.95,35.04,2745.63
Punjab,Azamgarh,Mustard,139.68,22.48,3045.72
Punjab,Bhopal,Rice,170.11,29.97,1509.31
Maharashtra,Patna,Mustard,156.68,23.76,2409.08
Punjab,Patna,Wheat,58.16,25.98,2728.28
Madhya Pradesh,Lucknow,Mustard,150.94,15.91,2496.1
Bihar,Pune,Mustard,195.9,32.8,1951.9
Uttar Pradesh,Pune,Rice,174.59,17.9,2188.03
Madhya Pradesh,Varanasi,Mustard,184.97,21.55,2680.69
Maharashtra,Kanpur,Potato,170.45,25.97,3230.29
Punjab,Bhopal,Sugarcane,166.37,29.57,1459.73
Madhya Pradesh,Bhopal,Potato,127.42,16.26,3069.86
Uttar Pradesh,Kanpur,Sugarcane,50.77,17.47,1889.33
Maharashtra,Azamgarh,Mustard,175.51,36.42,2274.51
Madhya Pradesh,Bhopal,Potato,117.95,20.83,2228.11
Maharashtra,Varanasi,Wheat,102.81,36.56,2280.29
Maharashtra,Varanasi,Rice,170.97,25.48,1735.85
Maharashtra,Pune,Potato,192.58,39.3,2810.86
Uttar Pradesh,Varanasi,Sugarcane,94.94,16.43,1736.34
Madhya Pradesh,Bhopal,Wheat,65.89,17.59,1920.41
Uttar Pradesh,Kanpur,Sugarcane,71.13,21.49,3178.49
Maharashtra,Pune,Sugarcane,62.73,35.88,2480.37
Punjab,Pune,Wheat,181.63,24.77,3247.35
Maharashtra,Varanasi,Sugarcane,69.45,29.65,2404.45
Punjab,Kanpur,Rice,55.91,30.76,3213.39
Madhya Pradesh,Pune,Sugarcane,162.94,18.85,1981.38
Punjab,Lucknow,Wheat,57.82,27.05,2845.14
Maharashtra,Azamgarh,Wheat,66.33,16.72,3254.65
Maharashtra,Azamgarh,Potato,113.62,32.12,3272.58
Punjab,Patna,Mustard,101.94,33.73,2935.94
Punjab,Varanasi,Rice,155.54,35.66,2522.3
Uttar Pradesh,Varanasi,Rice,190.15,35.78,3290.91
Madhya Pradesh,Azamgarh,Rice,160.88,32.89,2353.04
Punjab,Bhopal,Rice,103.91,38.26,1956.39
Uttar Pradesh,Azamgarh,Mustard,85.37,27.41,2396.81
Uttar Pradesh,Lucknow,Sugarcane,184.71,17.64,2114.55
Bihar,Lucknow,Sugarcane,137.97,22.86,3144.41
Punjab,Varanasi,Wheat,176.15,33.21,2718.07
Bihar,Patna,Mustard,74.24,36.72,2545.92
Bihar,Kanpur,Wheat,91.94,28.57,2976.02
Maharashtra,Kanpur,Wheat,155.32,24.14,2650.72
Maharashtra,Azamgarh,Potato,69.71,24.42,2656.91
Madhya Pradesh,Patna,Rice,76.19,26.96,1912.95
Bihar,Varanasi,Sugarcane,196.62,31.4,2730.94
Punjab,Lucknow,Mustard,184.88,24.84,2126.44
Madhya Pradesh,Pune,Mustard,80.86,39.71,3095.94
Punjab,Lucknow,Potato,80.45,35.93,2660.81
Madhya Pradesh,Pune,Mustard,140.73,16.29,1968.29
Maharashtra,Azamgarh,Sugarcane,196.3,35.52,1724.34
Uttar Pradesh,Bhopal,Potato,165.63,18.81,3195.83
Maharashtra,Pune,Wheat,99.1,38.56,2314.42
Madhya Pradesh,Lucknow,Sugarcane,130.25,23.0,2636.25
Maharashtra,Varanasi,Mustard,54.39,20.76,1714.95
Maharashtra,Varanasi,Sugarcane,113.83,37.36,2974.83
Uttar Pradesh,Azamgarh,Rice,196.32,31.56,3223.76
Bihar,Lucknow,Rice,182.99,27.63,1311.59
Punjab,Pune,Rice,139.59,35.11,3315.55
Maharashtra,Pune,Sugarcane,121.5,30.17,2405.54
Punjab,Kanpur,Sugarcane,143.91,20.29,2627.75
Maharashtra,Patna,Wheat,59.67,15.85,1666.19
Bihar,Lucknow,Rice,81.17,30.45,2386.89
Maharashtra,Patna,Sugarcane,86.05,33.88,2839.41
Punjab,Varanasi,Potato,126.2,29.36,2704.72
Madhya Pradesh,Varanasi,Potato,78.1,21.23,3513.46
Madhya Pradesh,Lucknow,Wheat,68.31,35.92,1792.11
Bihar,Azamgarh,Mustard,133.4,34.76,2379.92
Uttar Pradesh,Pune,Mustard,176.11,22.61,3124.99
Madhya Pradesh,Patna,Wheat,83.38,28.84,2633.94
Punjab,Kanpur,Mustard,161.78,22.97,2612.3
Bihar,Varanasi,Mustard,165.25,38.6,2430.45
Maharashtra,Bhopal,Wheat,174.29,33.62,1597.57
Uttar Pradesh,Bhopal,Mustard,97.81,34.67,3580.61
Maharashtra,Bhopal,Mustard,149.4,36.87,3257.24
Uttar Pradesh,Azamgarh,Wheat,155.48,31.44,1923.84
Madhya Pradesh,Pune,Mustard,102.79,39.73,3231.39
Bihar,Kanpur,Rice,198.05,30.83,1466.81
Uttar Pradesh,Azamgarh,Rice,77.48,21.72,2224.2
Punjab,Patna,Mustard,142.86,22.01,3329.54
Madhya Pradesh,Pune,Mustard,189.39,34.41,2569.75
Maharashtra,Kanpur,Sugarcane,176.15,31.35,2937.75
Punjab,Pune,Mustard,60.12,18.52,2313.88
Punjab,Kanpur,Rice,104.82,34.61,2772.86
Maharashtra,Bhopal,Rice,173.53,27.76,1743.53
Bihar,Pune,Potato,99.46,34.62,2633.06
Uttar Pradesh,Kanpur,Rice,164.18,19.42,3229.5
Bihar,Lucknow,Potato,98.1,16.92,1842.74
Uttar Pradesh,Lucknow,Wheat,173.56,20.86,1683.64
Bihar,Lucknow,Sugarcane,79.01,20.19,2178.25
Madhya Pradesh,Lucknow,Sugarcane,91.84,15.8,2463.08
Punjab,Bhopal,Rice,199.4,20.53,2545.16
Bihar,Azamgarh,Potato,61.8,34.26,2617.72
Madhya Pradesh,Pune,Wheat,163.0,16.59,2712.08
Maharashtra,Azamgarh,Potato,53.38,17.78,2289.22
Punjab,Pune,Potato,102.31,16.74,2971.95
Madhya Pradesh,Lucknow,Wheat,120.54,35.76,3120.5
Punjab,Bhopal,Mustard,73.55,16.94,2956.63
Punjab,Pune,Wheat,69.9,33.03,3252.66
Maharashtra,Patna,Rice,186.15,24.48,1560.31
Uttar Pradesh,Azamgarh,Wheat,95.83,26.07,1545.35
Maharashtra,Pune,Wheat,196.12,33.03,3103.0
Punjab,Patna,Wheat,152.55,27.07,1392.19
Bihar,Varanasi,Sugarcane,107.18,26.12,2944.9
Bihar,Patna,Sugarcane,135.14,15.97,1865.22
Madhya Pradesh,Lucknow,Rice,57.7,20.26,2906.02
Punjab,Bhopal,Wheat,144.64,19.28,2690.44
Punjab,Azamgarh,Potato,92.28,15.67,1687.2
Bihar,Pune,Rice,155.12,19.69,2369.92
Bihar,Patna,Sugarcane,192.89,28.69,2711.61
Uttar Pradesh,Lucknow,Sugarcane,168.66,18.13,1314.58
Bihar,Lucknow,Sugarcane,151.34,17.78,1737.34
Uttar Pradesh,Lucknow,Mustard,128.86,33.67,1817.46
Uttar Pradesh,Bhopal,Sugarcane,187.51,27.05,2683.07
Bihar,Patna,Mustard,181.82,21.18,2561.7
Punjab,Varanasi,Potato,91.04,29.53,2175.24
Uttar Pradesh,Varanasi,Sugarcane,146.71,25.12,1366.31
Uttar Pradesh,Pune,Mustard,56.58,22.11,3347.58
Uttar Pradesh,Patna,Sugarcane,168.44,27.99,2695.56
Madhya Pradesh,Pune,Wheat,52.63,36.81,1943.83
Maharashtra,Pune,Sugarcane,91.34,36.05,2286.58
Uttar Pradesh,Bhopal,Potato,174.26,33.13,1540.78
Maharashtra,Pune,Rice,145.49,29.42,1418.57
Uttar Pradesh,Varanasi,Mustard,139.99,30.62,2408.47
Punjab,Kanpur,Sugarcane,52.82,34.09,2821.62
Madhya Pradesh,Bhopal,Sugarcane,78.03,38.13,2908.47
Madhya Pradesh,Lucknow,Wheat,137.61,16.91,2883.09
Punjab,Patna,Potato,114.82,24.37,2735.98
Maharashtra,Lucknow,Mustard,183.32,19.17,2953.08
Maharashtra,Kanpur,Sugarcane,172.18,36.6,2351.66
Uttar Pradesh,Kanpur,Wheat,110.57,36.37,2243.73
Punjab,Lucknow,Potato,63.07,33.78,2869.15
Uttar Pradesh,Pune,Rice,167.0,33.79,1592.48
Punjab,Kanpur,Potato,185.25,35.27,2618.49
Uttar Pradesh,Pune,Potato,125.64,37.4,2842.88
Madhya Pradesh,Azamgarh,Wheat,82.84,24.15,2565.28
Madhya Pradesh,Varanasi,Wheat,189.68,21.66,2270.88
Uttar Pradesh,Varanasi,Potato,157.89,24.03,3043.69
Maharashtra,Lucknow,Sugarcane,130.94,31.26,2284.3
Punjab,Lucknow,Potato,170.92,39.59,2827.32
Uttar Pradesh,Kanpur,Sugarcane,166.84,18.02,2328.72
Punjab,Pune,Mustard,196.25,37.1,3141.45
Maharashtra,Patna,Rice,175.01,21.98,1640.73
Uttar Pradesh,Pune,Sugarcane,102.98,29.64,2995.74
Maharashtra,Bhopal,Sugarcane,80.66,22.12,2588.46
Madhya Pradesh,Azamgarh,Sugarcane,99.26,34.5,2853.22
Punjab,Azamgarh,Mustard,101.38,25.01,3435.98
Maharashtra,Pune,Sugarcane,95.68,19.53,2789.32
Bihar,Azamgarh,Mustard,52.33,32.18,3288.17
Punjab,Kanpur,Rice,142.82,19.26,1445.66
Uttar Pradesh,Azamgarh,Wheat,149.8,34.8,3409.2
Punjab,Kanpur,Mustard,58.17,28.84,2948.57
Uttar Pradesh,Lucknow,Mustard,118.36,16.4,2200.72
Punjab,Pune,Mustard,167.2,20.27,2363.64
Maharashtra,Varanasi,Potato,133.63,18.31,1963.83
Punjab,Bhopal,Wheat,164.86,28.41,1609.34
Uttar Pradesh,Lucknow,Wheat,195.57,36.64,2084.97
Punjab,Azamgarh,Potato,139.63,32.38,2579.67
Bihar,Azamgarh,Sugarcane,136.47,15.64,3073.27
Madhya Pradesh,Bhopal,Wheat,80.77,37.08,1993.65
Punjab,Lucknow,Mustard,110.94,21.17,1620.22
Punjab,Varanasi,Wheat,56.13,18.97,2927.25
Bihar,Azamgarh,Potato,175.61,20.71,2352.69
Punjab,Pune,Mustard,111.79,31.11,1805.95
Bihar,Azamgarh,Mustard,147.12,24.67,2813.68
Maharashtra,Pune,Sugarcane,176.67,32.22,2591.63
Punjab,Varanasi,Sugarcane,86.85,22.99,1767.33
Uttar Pradesh,Bhopal,Mustard,143.17,30.55,2795.09
Uttar Pradesh,Lucknow,Potato,134.53,22.19,1750.69
Madhya Pradesh,Varanasi,Potato,199.72,26.96,1552.36
Maharashtra,Pune,Mustard,187.9,15.6,1599.5
Punjab,Kanpur,Potato,148.13,19.4,3079.41
Uttar Pradesh,Azamgarh,Rice,163.34,37.54,2978.46
Bihar,Lucknow,Sugarcane,165.5,39.98,2614.26
Bihar,Bhopal,Rice,176.38,22.26,1281.98
Uttar Pradesh,Bhopal,Potato,151.57,39.53,2402.65
Punjab,Kanpur,Sugarcane,177.15,26.4,1438.35
Madhya Pradesh,Varanasi,Potato,156.62,25.12,1691.58
Uttar Pradesh,Azamgarh,Sugarcane,66.51,36.59,3128.55
Punjab,Lucknow,Wheat,129.29,26.6,1813.33
Bihar,Kanpur,Mustard,157.98,28.59,2574.14
Bihar,Patna,Wheat,176.62,31.3,3122.74
Madhya Pradesh,Varanasi,Sugarcane,73.6,16.26,3361.32
Maharashtra,Lucknow,Wheat,161.83,21.27,2034.75
Uttar Pradesh,Varanasi,Mustard,117.96,28.57,3233.96
Punjab,Lucknow,Potato,132.96,34.57,3063.96
Maharashtra,Bhopal,Rice,138.66,16.95,3157.42
Bihar,Pune,Wheat,167.37,23.3,3162.49
Madhya Pradesh,Patna,Mustard,181.64,38.37,2502.52
Madhya Pradesh,Pune,Sugarcane,131.84,34.86,2927.8
Madhya Pradesh,Pune,Potato,148.77,38.07,1513.53
Madhya Pradesh,Kanpur,Sugarcane,166.93,38.44,1577.49
Madhya Pradesh,Azamgarh,Potato,158.7,27.84,3124.98
Uttar Pradesh,Varanasi,Wheat,197.58,28.07,1866.1
Bihar,Kanpur,Potato,105.54,32.53,2501.74
Madhya Pradesh,Azamgarh,Mustard,52.39,29.99,2888.71
Uttar Pradesh,Lucknow,Rice,182.8,32.39,1740.28
Bihar,Varanasi,Rice,99.11,21.64,2448.35
Madhya Pradesh,Pune,Mustard,136.6,15.77,3211.44
Madhya Pradesh,Lucknow,Wheat,55.5,32.36,2129.82
Punjab,Bhopal,Wheat,112.98,18.62,3089.5
Maharashtra,Pune,Rice,54.06,21.64,2804.5
Punjab,Azamgarh,Mustard,176.32,15.37,2357.48
Bihar,Pune,Rice,156.76,18.27,2622.96
Punjab,Lucknow,Sugarcane,51.26,16.4,1852.02
Maharashtra,Kanpur,Wheat,59.23,20.87,2632.75
Punjab,Bhopal,Potato,186.64,24.44,2463.36
Madhya Pradesh,Kanpur,Potato,78.66,21.04,2852.5
Maharashtra,Bhopal,Wheat,55.37,21.63,2960.45
Uttar Pradesh,Bhopal,Wheat,139.19,19.69,2217.71
Maharashtra,Lucknow,Potato,54.4,32.8,2821.4
Punjab,Lucknow,Wheat,57.73,29.69,2172.09
Bihar,Patna,Sugarcane,63.7,27.64,2641.58
Madhya Pradesh,Patna,Potato,97.49,31.1,1963.73
Madhya Pradesh,Pune,Wheat,83.11,33.75,2171.67
Uttar Pradesh,Kanpur,Sugarcane,80.89,16.93,2180.49
Uttar Pradesh,Varanasi,Sugarcane,197.02,38.01,3088.06
Madhya Pradesh,Azamgarh,Rice,176.27,17.46,2092.71
Punjab,Lucknow,Rice,57.53,27.7,1674.81
Madhya Pradesh,Azamgarh,Wheat,172.58,33.67,1414.3
Uttar Pradesh,Bhopal,Rice,54.68,16.61,1699.28
Bihar,Pune,Sugarcane,89.82,37.92,2786.58
Uttar Pradesh,Lucknow,Sugarcane,127.87,37.96,1601.91
Uttar Pradesh,Patna,Sugarcane,84.94,17.02,2163.42
Uttar Pradesh,Lucknow,Sugarcane,70.71,37.2,2139.27
Uttar Pradesh,Patna,Sugarcane,162.29,26.36,2304.45
Bihar,Bhopal,Rice,69.9,39.34,3670.38
Bihar,Azamgarh,Potato,186.91,38.11,1452.59
Maharashtra,Azamgarh,Wheat,121.01,17.81,1942.69
Uttar Pradesh,Patna,Wheat,76.35,35.65,1927.75
Punjab,Patna,Rice,165.33,28.27,2131.25
Maharashtra,Bhopal,Sugarcane,106.87,17.63,2949.95
Bihar,Patna,Wheat,65.72,17.53,2397.2
Madhya Pradesh,Azamgarh,Sugarcane,165.63,28.04,3035.59
Maharashtra,Kanpur,Mustard,67.44,17.97,1973.32
Bihar,Bhopal,Mustard,130.48,17.25,1453.56
Uttar Pradesh,Patna,Sugarcane,96.94,17.64,1892.86
Maharashtra,Azamgarh,Potato,149.75,26.91,2704.67
Punjab,Bhopal,Wheat,71.64,32.57,3044.92
Maharashtra,Patna,Rice,108.42,28.57,3360.58
Maharashtra,Bhopal,Potato,159.6,29.76,3351.32
Madhya Pradesh,Patna,Wheat,86.68,35.45,3387.36
Maharashtra,Bhopal,Sugarcane,62.33,29.36,2133.33
Uttar Pradesh,Varanasi,Mustard,184.52,33.72,2851.08
Maharashtra,Kanpur,Wheat,195.32,16.53,1614.4
Bihar,Azamgarh,Mustard,113.48,28.67,3196.6
Punjab,Azamgarh,Potato,56.49,30.18,2927.69
Uttar Pradesh,Azamgarh,Wheat,55.98,33.68,2407.22
Uttar Pradesh,Bhopal,Potato,113.83,28.21,3203.03
Maharashtra,Varanasi,Mustard,174.51,22.07,2739.31
Uttar Pradesh,Bhopal,Wheat,119.88,17.56,2767.08
Bihar,Lucknow,Rice,60.57,26.42,2554.33
Bihar,Bhopal,Potato,152.89,32.86,3413.65
Uttar Pradesh,Pune,Rice,175.46,30.9,1369.42
Punjab,Azamgarh,Sugarcane,65.79,30.56,2433.35
Punjab,Patna,Mustard,52.27,22.92,3473.23
Bihar,Bhopal,Rice,179.15,22.61,2713.87
Punjab,Varanasi,Sugarcane,198.55,26.4,1473.15
Madhya Pradesh,Varanasi,Sugarcane,101.99,17.53,1650.39
Madhya Pradesh,Kanpur,Mustard,75.83,28.25,2529.51
Madhya Pradesh,Lucknow,Sugarcane,142.97,23.98,2660.85
Uttar Pradesh,Patna,Mustard,94.59,23.59,3154.31
Punjab,Varanasi,Potato,98.14,33.43,3470.74
Madhya Pradesh,Azamgarh,Mustard,51.24,33.93,2563.44
Madhya Pradesh,Pune,Sugarcane,188.46,39.31,1413.34
Uttar Pradesh,Patna,Rice,57.48,15.44,2730.84
Uttar Pradesh,Azamgarh,Wheat,158.45,18.84,2022.73
Maharashtra,Patna,Potato,124.63,33.58,2501.07
Punjab,Kanpur,Wheat,159.46,35.81,2312.34
Punjab,Bhopal,Sugarcane,159.03,15.91,1822.83
Bihar,Azamgarh,Mustard,116.7,18.82,2419.74
Madhya Pradesh,Varanasi,Sugarcane,86.46,29.54,2191.1
Bihar,Pune,Rice,135.29,25.51,2462.25
Punjab,Lucknow,Rice,69.73,17.77,2866.05
Punjab,Bhopal,Mustard,193.84,23.56,3105.2
Punjab,Kanpur,Rice,124.11,29.43,1685.83
Maharashtra,Pune,Sugarcane,199.74,25.1,2806.98
Punjab,Azamgarh,Rice,190.92,34.92,3076.28
Madhya Pradesh,Azamgarh,Mustard,139.43,31.53,3263.07
Madhya Pradesh,Kanpur,Sugarcane,191.52,33.43,1833.6
Madhya Pradesh,Varanasi,Potato,85.71,25.64,2359.55
Punjab,Patna,Rice,53.09,23.69,3034.01
Uttar Pradesh,Lucknow,Sugarcane,141.48,24.19,2010.84
Maharashtra,Azamgarh,Mustard,133.13,26.1,3184.81
Maharashtra,Patna,Sugarcane,128.49,31.97,3065.17
Bihar,Pune,Sugarcane,190.18,17.73,2666.22
Punjab,Patna,Potato,170.01,23.3,2644.57
Uttar Pradesh,Bhopal,Potato,190.83,15.17,2569.55
Maharashtra,Varanasi,Rice,163.23,20.67,3139.35
Bihar,Lucknow,Rice,104.83,31.54,3555.99
Maharashtra,Patna,Sugarcane,64.31,33.9,2617.87
Madhya Pradesh,Patna,Potato,121.9,39.33,3098.26
Punjab,Varanasi,Wheat,151.13,28.87,1759.05
Uttar Pradesh,Kanpur,Wheat,175.26,17.34,1823.3
Punjab,Pune,Mustard,157.8,29.44,1716.88
Uttar Pradesh,Azamgarh,Wheat,154.35,34.27,1769.19
Madhya Pradesh,Varanasi,Sugarcane,172.49,33.73,1403.29
Bihar,Varanasi,Potato,85.49,39.5,2951.53
Maharashtra,Pune,Potato,164.23,24.4,1946.11
Maharashtra,Patna,Rice,132.37,22.06,2685.61
Madhya Pradesh,Kanpur,Rice,106.89,16.03,2970.69
Punjab,Kanpur,Wheat,120.34,28.57,2229.82
Bihar,Azamgarh,Wheat,133.9,18.39,1942.98
Punjab,Bhopal,Sugarcane,74.73,39.51,3073.93
Madhya Pradesh,Pune,Wheat,97.24,33.63,2456.84
Punjab,Pune,Sugarcane,61.57,27.21,3434.81
Punjab,Azamgarh,Sugarcane,68.47,26.35,2674.79
Bihar,Pune,Sugarcane,195.37,31.71,1861.41
Madhya Pradesh,Pune,Rice,50.75,36.84,1980.83
Punjab,Azamgarh,Sugarcane,196.94,31.81,2822.9
Bihar,Lucknow,Rice,180.26,32.21,1414.74
Madhya Pradesh,Bhopal,Sugarcane,94.34,24.28,2805.34
Bihar,Kanpur,Wheat,176.59,24.22,2307.87
Punjab,Varanasi,Rice,122.92,33.76,1765.36
Uttar Pradesh,Azamgarh,Wheat,136.96,38.1,1662.32
Madhya Pradesh,Lucknow,Sugarcane,110.46,15.49,3165.5
Maharashtra,Pune,Sugarcane,116.54,18.47,3357.02
Madhya Pradesh,Azamgarh,Potato,147.86,33.16,2772.34
Punjab,Patna,Potato,144.12,16.43,1361.8
Madhya Pradesh,Pune,Sugarcane,58.98,26.92,3227.1
Maharashtra,Pune,Potato,131.26,27.73,3145.98
Uttar Pradesh,Azamgarh,Potato,115.73,36.79,2623.29
Madhya Pradesh,Lucknow,Mustard,56.17,24.87,2170.93
Punjab,Lucknow,Rice,178.7,17.35,3136.1
Uttar Pradesh,Pune,Rice,165.66,28.62,1943.46
Madhya Pradesh,Bhopal,Wheat,82.41,28.01,2935.89
Uttar Pradesh,Varanasi,Wheat,98.09,35.6,2562.93
Punjab,Patna,Wheat,110.29,16.98,3340.89
Maharashtra,Kanpur,Rice,122.7,22.27,3252.14
Punjab,Azamgarh,Sugarcane,198.57,18.53,1450.65
Uttar Pradesh,Pune,Wheat,184.38,15.14,1697.54
Madhya Pradesh,Bhopal,Rice,104.3,30.73,2311.86
Punjab,Pune,Sugarcane,186.63,20.03,2875.47
Uttar Pradesh,Azamgarh,Wheat,154.1,19.94,2913.98
Maharashtra,Azamgarh,Sugarcane,79.65,35.91,3445.97
Uttar Pradesh,Patna,Sugarcane,196.81,15.83,2007.53
Uttar Pradesh,Lucknow,Potato,106.29,31.14,3211.81
Madhya Pradesh,Bhopal,Mustard,156.17,36.3,3084.09
Bihar,Kanpur,Rice,196.89,18.02,1235.57
Uttar Pradesh,Azamgarh,Potato,142.49,32.7,2377.93
Punjab,Azamgarh,Potato,63.06,15.07,2776.66
Madhya Pradesh,Pune,Potato,84.67,32.21,3407.51
Maharashtra,Patna,Sugarcane,130.9,31.4,1725.1
Bihar,Bhopal,Potato,146.22,22.09,1878.42
Uttar Pradesh,Varanasi,Wheat,103.13,25.91,2797.53
Madhya Pradesh,Lucknow,Rice,112.29,35.61,2864.45
Uttar Pradesh,Pune,Mustard,178.96,23.81,2327.84
Madhya Pradesh,Bhopal,Potato,64.14,37.28,2812.94
Uttar Pradesh,Lucknow,Sugarcane,138.83,23.31,3119.23
Madhya Pradesh,Kanpur,Mustard,98.23,24.28,3138.67
Maharashtra,Pune,Mustard,85.08,20.24,2938.64
Uttar Pradesh,Varanasi,Mustard,79.39,17.64,3428.51
Uttar Pradesh,Lucknow,Sugarcane,53.45,22.44,2983.93
Madhya Pradesh,Patna,Mustard,76.59,35.49,2063.11
Punjab,Pune,Mustard,163.08,18.25,2326.76
Uttar Pradesh,Varanasi,Wheat,75.76,38.54,3177.2
Uttar Pradesh,Patna,Wheat,87.04,39.25,3558.88
Punjab,Bhopal,Mustard,94.94,30.04,2568.66
Uttar Pradesh,Azamgarh,Sugarcane,122.12,30.15,2655.44
Maharashtra,Lucknow,Sugarcane,112.4,27.51,1632.92
Punjab,Patna,Mustard,109.66,15.17,2427.06
Maharashtra,Bhopal,Rice,116.25,24.26,2974.37
Punjab,Patna,Wheat,115.16,29.11,2051.84
Bihar,Lucknow,Rice,164.75,35.37,1872.19
Maharashtra,Patna,Sugarcane,172.56,34.37,1593.76
Madhya Pradesh,Varanasi,Wheat,78.07,28.9,2572.59
Bihar,Varanasi,Wheat,96.75,21.44,1700.03
Maharashtra,Varanasi,Sugarcane,138.43,31.42,2863.75
Maharashtra,Bhopal,Mustard,129.84,16.08,2877.44
Bihar,Patna,Mustard,118.97,33.75,1644.09
Punjab,Varanasi,Rice,183.51,27.86,2079.79
Maharashtra,Patna,Rice,188.3,33.91,2314.02
Bihar,Lucknow,Sugarcane,193.03,30.46,1804.43
Punjab,Lucknow,Sugarcane,74.71,31.7,3351.27
Punjab,Pune,Wheat,78.08,31.1,3468.96
Punjab,Bhopal,Rice,161.14,34.78,3029.94
Madhya Pradesh,Patna,Mustard,162.35,23.5,2646.95
Madhya Pradesh,Bhopal,Mustard,122.48,32.38,1664.12
Uttar Pradesh,Pune,Mustard,166.95,25.84,2894.23
Punjab,Varanasi,Wheat,127.87,25.99,1621.27
Uttar Pradesh,Bhopal,Mustard,112.31,33.18,2804.23
Maharashtra,Bhopal,Wheat,140.83,17.12,2777.95
Bihar,Kanpur,Mustard,94.83,21.21,2253.03
Bihar,Pune,Potato,178.75,29.44,2741.03
Maharashtra,Patna,Sugarcane,102.18,20.89,2558.14
Maharashtra,Kanpur,Rice,91.66,36.23,3302.78
Bihar,Lucknow,Mustard,134.42,29.87,3287.18
Punjab,Bhopal,Wheat,124.52,21.67,2509.48
Madhya Pradesh,Patna,Potato,159.6,19.23,2422.96
Bihar,Pune,Wheat,61.88,35.09,2708.44
Punjab,Varanasi,Potato,170.64,18.33,2297.04
Punjab,Pune,Sugarcane,187.87,28.63,2081.95
Bihar,Lucknow,Wheat,156.23,36.03,1545.67
Bihar,Pune,Wheat,145.08,39.41,2305.68
Maharashtra,Pune,Mustard,188.63,19.79,2810.59
Uttar Pradesh,Lucknow,Wheat,139.6,15.85,1406.4
Madhya Pradesh,Azamgarh,Rice,96.22,24.75,2147.34
Maharashtra,Varanasi,Mustard,152.75,24.88,3131.31
Maharashtra,Kanpur,Potato,135.58,31.77,2835.5
Punjab,Varanasi,Mustard,129.02,23.45,2244.34
Punjab,Bhopal,Mustard,117.28,27.69,2084.44
Bihar,Bhopal,Sugarcane,165.89,32.83,1975.29
Bihar,Varanasi,Rice,79.43,23.79,2180.19
Punjab,Pune,Mustard,118.74,36.18,1916.94
Punjab,Azamgarh,Wheat,98.59,37.1,2490.43
Maharashtra,Kanpur,Rice,180.37,15.4,1369.69
Maharashtra,Pune,Rice,50.87,23.75,2231.39
Madhya Pradesh,Varanasi,Potato,91.38,35.73,3339.62
Uttar Pradesh,Kanpur,Rice,99.16,30.32,3171.36
Maharashtra,Kanpur,Rice,144.11,27.71,2115.19
Uttar Pradesh,Patna,Wheat,178.87,22.98,2698.15
Punjab,Varanasi,Sugarcane,65.81,15.27,2841.81
Punjab,Lucknow,Rice,159.31,21.69,2998.35
Bihar,Varanasi,Potato,74.98,23.08,3067.02
Uttar Pradesh,Pune,Rice,156.54,39.68,1953.54
Maharashtra,Patna,Potato,188.91,32.34,2288.35
Maharashtra,Patna,Wheat,198.71,15.09,2931.95
Uttar Pradesh,Bhopal,Mustard,73.18,37.52,2255.7
Punjab,Azamgarh,Potato,129.2,24.6,2527.6
Uttar Pradesh,Patna,Rice,73.01,28.57,3091.81
Bihar,Patna,Wheat,145.27,27.79,2023.67
Maharashtra,Kanpur,Wheat,74.88,29.48,1887.12
Uttar Pradesh,Kanpur,Rice,119.38,31.54,1636.34
Bihar,Pune,Sugarcane,117.25,19.74,2628.13
Madhya Pradesh,Pune,Wheat,165.22,26.78,1932.7
Maharashtra,Azamgarh,Rice,174.9,16.1,2209.5
Maharashtra,Pune,Sugarcane,53.49,18.99,3217.41
Bihar,Pune,Sugarcane,105.68,28.35,1648.16
Bihar,Azamgarh,Rice,183.11,34.94,3146.95
Punjab,Varanasi,Sugarcane,57.29,19.67,1829.17
Uttar Pradesh,Bhopal,Sugarcane,51.78,25.84,2851.74
Maharashtra,Varanasi,Rice,123.24,15.2,2055.68
Madhya Pradesh,Lucknow,Mustard,171.64,35.06,2686.8
Madhya Pradesh,Bhopal,Wheat,71.07,34.72,2988.43
Madhya Pradesh,Lucknow,Rice,60.17,39.34,2598.57
Uttar Pradesh,Bhopal,Rice,102.76,16.76,3344.84
Maharashtra,Azamgarh,Sugarcane,115.17,34.78,3438.85
Uttar Pradesh,Pune,Sugarcane,163.5,28.37,1541.94
Bihar,Varanasi,Sugarcane,146.39,17.67,1407.87
Uttar Pradesh,Azamgarh,Sugarcane,97.03,37.22,1656.55
Bihar,Kanpur,Potato,182.14,16.42,1531.62
Bihar,Kanpur,Sugarcane,135.95,36.39,3284.83
Uttar Pradesh,Varanasi,Potato,65.34,26.08,3055.94
Uttar Pradesh,Bhopal,Potato,127.24,21.94,2198.56
Uttar Pradesh,Varanasi,Potato,167.0,34.33,2986.96
Maharashtra,Kanpur,Rice,114.55,23.99,1477.23
Uttar Pradesh,Lucknow,Wheat,156.97,29.6,2938.29
Madhya Pradesh,Kanpur,Potato,52.59,19.65,2222.03
Uttar Pradesh,Bhopal,Mustard,53.06,35.96,1885.34
Maharashtra,Varanasi,Rice,188.63,30.14,2177.79
Madhya Pradesh,Lucknow,Potato,125.14,25.92,1906.62
Punjab,Varanasi,Sugarcane,118.31,18.4,3011.87
Uttar Pradesh,Bhopal,Mustard,56.23,28.35,1916.51
Bihar,Patna,Mustard,94.42,19.56,1503.46
Uttar Pradesh,Patna,Potato,161.63,34.52,2654.35
Punjab,Varanasi,Mustard,193.58,16.97,1215.9
Madhya Pradesh,Pune,Sugarcane,175.01,19.67,2010.01
Punjab,Azamgarh,Wheat,55.85,23.59,2071.53
Maharashtra,Azamgarh,Rice,72.35,25.69,3394.23
Punjab,Varanasi,Potato,100.56,23.1,3461.52
Punjab,Kanpur,Mustard,52.16,19.85,3474.72
Maharashtra,Lucknow,Wheat,59.99,18.16,3092.95
Maharashtra,Kanpur,Potato,179.88,33.92,2579.4
Maharashtra,Lucknow,Wheat,93.54,23.6,1795.58
Uttar Pradesh,Kanpur,Potato,89.69,28.2,2093.33
Uttar Pradesh,Patna,Sugarcane,170.07,30.95,2073.19
Uttar Pradesh,Patna,Mustard,137.96,18.12,1824.56
Uttar Pradesh,Azamgarh,Wheat,197.64,23.78,2136.44
Madhya Pradesh,Kanpur,Mustard,151.11,18.02,2054.91
Uttar Pradesh,Bhopal,Sugarcane,179.26,17.83,2473.18
Bihar,Patna,Potato,102.81,29.76,2524.69
Madhya Pradesh,Patna,Mustard,190.06,35.11,2090.14
Madhya Pradesh,Bhopal,Sugarcane,132.1,33.92,3445.74
Maharashtra,Bhopal,Wheat,182.16,18.45,1276.92
Madhya Pradesh,Bhopal,Rice,132.26,16.69,1453.5
Maharashtra,Varanasi,Sugarcane,53.92,23.77,3406.48
Maharashtra,Varanasi,Rice,87.34,32.06,1789.7
Uttar Pradesh,Azamgarh,Wheat,64.37,17.89,3121.57
Bihar,Pune,Rice,107.93,37.45,2145.61
Punjab,Pune,Rice,50.98,31.28,2401.42
Maharashtra,Patna,Rice,88.46,24.58,2149.58
Punjab,Lucknow,Rice,154.99,30.32,1789.87
Punjab,Lucknow,Sugarcane,133.15,23.25,1452.55
Maharashtra,Patna,Mustard,120.68,27.68,2334.12
Bihar,Kanpur,Wheat,61.16,30.12,3063.96
Bihar,Lucknow,Potato,75.41,34.82,1788.61
Bihar,Patna,Potato,110.84,17.75,2841.48
Madhya Pradesh,Pune,Rice,78.15,32.15,3465.35
Bihar,Patna,Mustard,189.9,38.72,3224.94
Uttar Pradesh,Azamgarh,Potato,132.83,15.65,2749.31
Bihar,Patna,Mustard,196.1,20.4,2760.5
Uttar Pradesh,Bhopal,Wheat,71.62,22.64,3286.82
Maharashtra,Pune,Mustard,78.71,16.95,2062.27
Bihar,Patna,Potato,135.95,22.7,2109.55
Uttar Pradesh,Azamgarh,Mustard,189.49,21.82,2136.37
Maharashtra,Patna,Rice,134.6,16.03,2593.56
Madhya Pradesh,Lucknow,Potato,169.84,15.34,1891.56
Uttar Pradesh,Pune,Potato,192.14,22.98,1449.34
Bihar,Kanpur,Sugarcane,188.14,35.35,2041.78
Maharashtra,Azamgarh,Rice,163.07,32.86,1694.11
Punjab,Azamgarh,Wheat,88.28,36.34,2425.24
Uttar Pradesh,Bhopal,Wheat,72.25,32.65,2349.05
Maharashtra,Azamgarh,Rice,56.36,34.22,2496.56
Madhya Pradesh,Azamgarh,Rice,164.9,26.21,1859.82
Punjab,Pune,Sugarcane,198.21,32.83,3133.33
Madhya Pradesh,Pune,Sugarcane,164.92,30.52,1598.48
Uttar Pradesh,Lucknow,Wheat,133.21,16.29,2822.85
Punjab,Varanasi,Potato,143.26,19.07,3118.06
Punjab,Patna,Wheat,114.27,26.28,2050.55
Bihar,Varanasi,Sugarcane,164.1,29.65,2260.5
Uttar Pradesh,Varanasi,Mustard,173.16,29.45,2563.92
Punjab,Varanasi,Potato,137.5,15.66,2149.42
Punjab,Bhopal,Mustard,199.06,28.86,2548.14
Maharashtra,Lucknow,Sugarcane,84.9,39.08,2866.26
Maharashtra,Azamgarh,Wheat,69.3,19.36,3147.42
Maharashtra,Bhopal,Potato,62.46,15.75,2242.62
Maharashtra,Pune,Potato,182.85,17.89,1216.13
Madhya Pradesh,Pune,Mustard,188.97,24.0,2480.09
Maharashtra,Lucknow,Mustard,53.3,38.55,2751.7
Bihar,Azamgarh,Potato,122.03,36.37,2678.35
Bihar,Patna,Sugarcane,133.62,18.21,1843.66
Maharashtra,Bhopal,Rice,151.14,35.12,1742.02
Uttar Pradesh,Pune,Wheat,146.5,32.85,1989.7
Bihar,Pune,Mustard,125.16,28.96,2354.04
Bihar,Patna,Wheat,80.96,39.42,2973.16
Bihar,Bhopal,Potato,199.12,26.28,2456.0
Uttar Pradesh,Azamgarh,Sugarcane,182.7,16.19,2405.18
Bihar,Azamgarh,Potato,117.49,23.1,2825.73
Madhya Pradesh,Pune,Sugarcane,82.89,20.22,2747.97
Punjab,Kanpur,Mustard,117.89,20.44,2312.61
Madhya Pradesh,Pune,Rice,98.23,36.36,2621.63
Maharashtra,Lucknow,Mustard,129.6,17.65,3077.0
Uttar Pradesh,Bhopal,Mustard,50.69,36.94,3509.21
Uttar Pradesh,Azamgarh,Mustard,118.17,15.8,2998.09
Bihar,Patna,Wheat,78.84,16.5,3003.48
Uttar Pradesh,Azamgarh,Sugarcane,96.22,36.22,2829.98
Punjab,Varanasi,Wheat,117.95,15.29,2469.63
Punjab,Pune,Mustard,173.03,30.18,1484.07
Maharashtra,Azamgarh,Mustard,77.67,29.92,3626.03
Bihar,Varanasi,Wheat,50.7,35.68,3484.06
Uttar Pradesh,Azamgarh,Wheat,136.07,25.84,2861.87
Bihar,Patna,Rice,69.04,32.2,3267.28
Uttar Pradesh,Bhopal,Potato,134.84,18.13,3248.04
Bihar,Azamgarh,Wheat,144.44,30.9,1985.48
Madhya Pradesh,Lucknow,Potato,101.0,28.73,2402.76
Bihar,Patna,Potato,79.14,32.84,2804.66
Uttar Pradesh,Patna,Wheat,182.89,19.9,2634.13
Punjab,Varanasi,Potato,183.2,19.39,1305.08
Uttar Pradesh,Azamgarh,Sugarcane,149.98,35.22,3109.7
Madhya Pradesh,Varanasi,Mustard,135.44,37.2,1939.08
Punjab,Varanasi,Mustard,159.25,27.06,1947.97
Maharashtra,Bhopal,Wheat,178.23,34.89,2567.99
Maharashtra,Azamgarh,Mustard,103.1,33.14,2010.38
Uttar Pradesh,Pune,Wheat,86.14,34.28,2523.94
Madhya Pradesh,Lucknow,Potato,69.91,31.0,3006.27
Bihar,Varanasi,Wheat,188.78,24.41,2250.58
Maharashtra,Varanasi,Wheat,60.17,17.69,2145.77
Bihar,Patna,Potato,78.27,17.56,3315.91
Maharashtra,Lucknow,Mustard,93.34,22.5,2664.98
Bihar,Pune,Sugarcane,91.32,18.52,2409.28
Maharashtra,Patna,Sugarcane,83.17,27.18,2204.65
Punjab,Patna,Mustard,166.68,29.81,1474.68
Bihar,Azamgarh,Wheat,99.13,20.61,2025.93
Punjab,Azamgarh,Potato,126.79,19.5,2022.63
Madhya Pradesh,Lucknow,Sugarcane,83.63,33.74,2438.99
Madhya Pradesh,Pune,Sugarcane,190.06,36.07,2496.66
Punjab,Bhopal,Potato,126.14,28.59,2891.66
Madhya Pradesh,Pune,Mustard,99.72,22.7,2135.24
Madhya Pradesh,Lucknow,Potato,116.47,30.0,3310.59
Madhya Pradesh,Bhopal,Mustard,152.49,25.38,1391.09
Bihar,Pune,Mustard,52.02,35.83,2006.9
Madhya Pradesh,Varanasi,Mustard,105.25,27.5,2400.25
Bihar,Azamgarh,Potato,136.86,31.88,3251.98
Uttar Pradesh,Pune,Potato,60.48,36.53,2627.92
Punjab,Kanpur,Rice,87.6,31.6,3139.4
Bihar,Bhopal,Rice,78.2,25.92,2031.44
Uttar Pradesh,Pune,Mustard,126.34,35.4,1658.78
Uttar Pradesh,Varanasi,Wheat,67.68,34.53,2329.32
Maharashtra,Patna,Sugarcane,117.35,18.56,2235.67
Maharashtra,Lucknow,Sugarcane,93.74,21.36,1514.1
Uttar Pradesh,Lucknow,Rice,131.51,39.99,2884.35
Maharashtra,Patna,Mustard,81.67,19.82,2740.83
Madhya Pradesh,Azamgarh,Rice,77.05,23.47,3110.49
Madhya Pradesh,Azamgarh,Mustard,70.38,16.51,1812.98
Bihar,Bhopal,Rice,166.59,29.74,1883.11
Bihar,Lucknow,Rice,160.57,32.65,1989.09
Bihar,Kanpur,Potato,130.13,38.83,1598.57
Bihar,Azamgarh,Potato,55.01,18.67,1998.01
Punjab,Pune,Rice,82.96,38.12,3682.56
Maharashtra,Varanasi,Rice,89.98,23.13,2996.62
Bihar,Patna,Sugarcane,132.94,18.61,1483.5
Uttar Pradesh,Pune,Mustard,170.94,39.08,2430.14
Punjab,Kanpur,Potato,70.81,28.55,1991.17
Uttar Pradesh,Patna,Mustard,154.3,35.82,1611.94
Maharashtra,Pune,Potato,160.26,29.08,2616.18
Uttar Pradesh,Lucknow,Wheat,134.61,26.18,2997.33
Madhya Pradesh,Lucknow,Wheat,101.92,39.5,2437.24
Uttar Pradesh,Azamgarh,Potato,95.3,36.76,2179.22
Maharashtra,Patna,Rice,152.02,23.06,2343.66
Bihar,Lucknow,Potato,81.7,25.49,3180.78
Uttar Pradesh,Lucknow,Wheat,83.07,31.45,1665.19
Punjab,Kanpur,Sugarcane,166.71,31.75,2756.87
Madhya Pradesh,Bhopal,Sugarcane,171.8,28.65,2800.4
Maharashtra,Azamgarh,Mustard,90.11,32.48,2435.43
Maharashtra,Bhopal,Wheat,70.42,23.94,2621.02
Maharashtra,Azamgarh,Potato,183.73,24.23,1251.57
Madhya Pradesh,Kanpur,Mustard,184.86,27.9,2362.22
Bihar,Bhopal,Wheat,166.34,17.86,2248.3
Maharashtra,Kanpur,Potato,92.37,31.41,3412.81
Punjab,Pune,Wheat,90.78,32.52,3594.9
Bihar,Lucknow,Potato,63.82,15.1,2161.74
Bihar,Bhopal,Wheat,67.43,35.4,1948.51
Madhya Pradesh,Varanasi,Sugarcane,83.24,35.37,2905.72
Madhya Pradesh,Bhopal,Mustard,83.08,33.18,2034.92
Uttar Pradesh,Lucknow,Potato,199.09,39.09,2554.81
Maharashtra,Azamgarh,Mustard,157.88,22.49,2486.24
Bihar,Lucknow,Mustard,134.09,28.05,1913.33
Madhya Pradesh,Azamgarh,Sugarcane,66.1,35.1,3190.9
Punjab,Lucknow,Wheat,66.52,18.78,1915.8
Maharashtra,Azamgarh,Sugarcane,98.56,33.77,2220.56
Punjab,Patna,Potato,180.71,30.19,1743.15
Maharashtra,Azamgarh,Rice,178.9,35.21,3209.82
Madhya Pradesh,Bhopal,Rice,117.96,22.8,3091.72
Uttar Pradesh,Patna,Potato,190.97,34.92,1798.13
Uttar Pradesh,Bhopal,Wheat,170.4,21.88,1341.36
Bihar,Pune,Potato,107.76,28.06,2647.44
Uttar Pradesh,Pune,Potato,163.18,19.97,1410.1
Bihar,Kanpur,Potato,146.84,28.58,2368.44
Maharashtra,Bhopal,Wheat,99.97,28.14,1964.77
Bihar,Kanpur,Wheat,141.2,24.79,2096.88
Madhya Pradesh,Lucknow,Mustard,84.9,39.41,2388.22
Bihar,Kanpur,Rice,93.3,17.63,2862.66
Maharashtra,Patna,Sugarcane,129.54,34.33,3062.34
Uttar Pradesh,Varanasi,Sugarcane,118.06,38.09,1823.9
Madhya Pradesh,Kanpur,Rice,168.65,36.23,1920.81
Uttar Pradesh,Patna,Sugarcane,154.92,39.46,3111.76
Uttar Pradesh,Lucknow,Wheat,79.61,24.52,2700.41
Maharashtra,Azamgarh,Wheat,100.44,28.12,2823.12
Punjab,Azamgarh,Wheat,121.63,20.08,2967.07
Maharashtra,Lucknow,Wheat,124.26,35.78,3211.58
Madhya Pradesh,Patna,Potato,69.46,25.94,2121.9
Madhya Pradesh,Azamgarh,Rice,77.5,26.14,1725.18
Punjab,Pune,Wheat,90.42,38.33,2690.7
Punjab,Lucknow,Sugarcane,161.89,37.45,2813.73
Bihar,Bhopal,Mustard,74.52,31.14,2041.12
Madhya Pradesh,Azamgarh,Wheat,122.72,34.71,2247.36
Maharashtra,Azamgarh,Wheat,147.76,38.14,3200.4
Madhya Pradesh,Kanpur,Sugarcane,76.02,30.01,2616.06
Punjab,Patna,Sugarcane,172.11,39.03,2415.03
Bihar,Azamgarh,Potato,92.13,35.57,1861.45
Punjab,Varanasi,Sugarcane,106.96,32.59,3113.2
Madhya Pradesh,Pune,Mustard,74.48,38.72,2999.2
Punjab,Patna,Wheat,68.45,17.3,2424.25
Madhya Pradesh,Bhopal,Wheat,188.11,35.23,2143.43
Madhya Pradesh,Lucknow,Wheat,104.48,27.46,2822.08
Madhya Pradesh,Lucknow,Sugarcane,146.28,25.67,3071.2
Bihar,Varanasi,Mustard,117.12,31.19,2361.92
Madhya Pradesh,Patna,Potato,191.09,24.17,1633.77
Maharashtra,Azamgarh,Wheat,186.15,36.32,2905.39
Uttar Pradesh,Kanpur,Wheat,92.8,31.36,2982.92
Punjab,Azamgarh,Mustard,183.25,33.54,2243.73
Madhya Pradesh,Bhopal,Sugarcane,106.91,23.51,1564.39
Madhya Pradesh,Bhopal,Wheat,154.66,37.01,2461.14
Uttar Pradesh,Lucknow,Mustard,148.42,37.07,2803.58
Maharashtra,Azamgarh,Sugarcane,157.54,21.95,1936.78
Maharashtra,Bhopal,Mustard,154.32,28.51,2115.16
Maharashtra,Patna,Potato,78.81,18.41,3308.49
Bihar,Bhopal,Sugarcane,147.3,32.26,3338.22
Bihar,Kanpur,Potato,130.34,35.42,2141.02
Madhya Pradesh,Patna,Mustard,59.26,37.36,2218.54
Maharashtra,Varanasi,Potato,66.33,17.77,3099.25
Punjab,Patna,Rice,151.92,32.14,3099.92
Punjab,Azamgarh,Mustard,160.39,16.56,1353.55
Maharashtra,Azamgarh,Potato,147.74,34.13,2716.34
Uttar Pradesh,Pune,Rice,148.81,29.14,1896.25
Madhya Pradesh,Bhopal,Wheat,121.63,20.93,1675.27
Maharashtra,Varanasi,Rice,73.92,37.51,3646.36
Bihar,Varanasi,Mustard,65.88,33.17,2999.4
Punjab,Pune,Rice,86.7,36.46,3585.42
Punjab,Lucknow,Potato,79.39,31.58,3521.79
Madhya Pradesh,Varanasi,Potato,117.62,31.45,2205.54
Madhya Pradesh,Bhopal,Mustard,122.47,31.1,1739.79
Madhya Pradesh,Patna,Wheat,85.62,23.77,3037.38
Bihar,Kanpur,Potato,158.8,17.53,2004.96
Maharashtra,Kanpur,Mustard,124.43,36.28,3168.07
Maharashtra,Lucknow,Wheat,80.31,24.85,3105.27
Madhya Pradesh,Varanasi,Wheat,181.98,29.21,3019.58
Madhya Pradesh,Patna,Potato,165.81,23.61,2334.89
Punjab,Kanpur,Potato,134.59,16.28,2401.59
Punjab,Bhopal,Sugarcane,111.21,24.9,2428.17
Bihar,Kanpur,Wheat,77.91,28.45,2850.67
Uttar Pradesh,Kanpur,Mustard,78.66,21.39,3465.7
Uttar Pradesh,Pune,Mustard,92.52,35.64,2444.12
Uttar Pradesh,Kanpur,Mustard,105.06,17.34,2306.9
Madhya Pradesh,Varanasi,Wheat,61.39,23.55,2665.43
Madhya Pradesh,Varanasi,Mustard,136.55,35.47,2637.99
Maharashtra,Azamgarh,Wheat,92.72,15.36,1541.16
Punjab,Pune,Rice,195.17,34.25,2780.49
Uttar Pradesh,Kanpur,Mustard,64.07,20.05,3112.39
Bihar,Lucknow,Wheat,144.21,39.69,1933.65
Punjab,Azamgarh,Rice,86.8,37.13,2148.16
Uttar Pradesh,Kanpur,Sugarcane,54.34,27.52,3220.22
Madhya Pradesh,Kanpur,Rice,57.34,22.42,2756.02
Maharashtra,Lucknow,Potato,169.92,17.94,2429.52
Uttar Pradesh,Bhopal,Potato,161.14,25.21,1975.1
Bihar,Pune,Potato,109.52,33.45,3252.84
Uttar Pradesh,Lucknow,Sugarcane,166.66,22.78,2327.38
Madhya Pradesh,Patna,Sugarcane,161.9,34.66,3111.22
Maharashtra,Varanasi,Potato,129.28,15.47,3112.8
Punjab,Bhopal,Rice,67.36,19.07,2709.76
Bihar,Patna,Mustard,189.84,18.24,3074.36
Uttar Pradesh,Patna,Rice,111.46,16.24,3080.5
Madhya Pradesh,Patna,Potato,190.54,36.43,2202.54
Uttar Pradesh,Patna,Potato,92.59,21.75,3398.23
Uttar Pradesh,Kanpur,Sugarcane,78.1,31.41,1805.62
Maharashtra,Kanpur,Wheat,175.43,31.29,2642.19
Maharashtra,Azamgarh,Mustard,126.53,25.38,1984.97
Bihar,Bhopal,Mustard,169.76,17.06,1303.44
Maharashtra,Patna,Rice,88.47,31.29,2287.07
Bihar,Varanasi,Sugarcane,83.35,32.64,1656.63
Punjab,Pune,Rice,86.43,35.37,2899.15
Uttar Pradesh,Lucknow,Wheat,159.24,28.97,2780.92
Maharashtra,Azamgarh,Wheat,134.29,36.15,1807.93
Madhya Pradesh,Lucknow,Mustard,53.41,28.16,3547.69
Punjab,Bhopal,Mustard,153.7,28.36,2651.22
Maharashtra,Kanpur,Wheat,132.87,15.93,2897.55
Punjab,Kanpur,Sugarcane,114.51,33.16,2687.39
Punjab,Bhopal,Mustard,130.52,24.21,2793.96
Madhya Pradesh,Lucknow,Potato,69.33,27.51,3148.13
Uttar Pradesh,Kanpur,Wheat,69.23,28.2,3057.71
Bihar,Kanpur,Mustard,103.77,21.46,3433.21
Maharashtra,Kanpur,Mustard,91.51,20.86,2749.79
Punjab,Varanasi,Potato,147.74,25.69,1643.06
Bihar,Lucknow,Potato,96.71,24.11,2776.19
Uttar Pradesh,Patna,Sugarcane,97.52,30.47,3297.08
Uttar Pradesh,Pune,Potato,56.13,39.61,2747.93
Uttar Pradesh,Patna,Wheat,57.64,25.83,2404.04
Madhya Pradesh,Varanasi,Sugarcane,86.47,34.7,2919.99
Punjab,Pune,Potato,139.22,21.13,1813.9
Madhya Pradesh,Pune,Wheat,153.36,19.04,2812.4
Punjab,Patna,Sugarcane,58.04,31.45,1965.28
Uttar Pradesh,Lucknow,Sugarcane,191.76,16.56,1281.44
Punjab,Azamgarh,Rice,181.16,17.89,1949.2
Maharashtra,Bhopal,Potato,174.56,33.38,1489.88
Punjab,Kanpur,Mustard,137.11,15.62,1529.11
Madhya Pradesh,Pune,Mustard,66.77,37.56,2681.41
Punjab,Bhopal,Potato,148.12,18.65,2757.44
Uttar Pradesh,Patna,Wheat,101.89,35.94,2167.61
Bihar,Varanasi,Rice,169.91,21.08,1480.23
Punjab,Patna,Wheat,137.2,39.45,2108.8
Punjab,Lucknow,Wheat,70.12,34.37,3202.08
Punjab,Pune,Potato,104.48,31.03,2360.92
Maharashtra,Patna,Rice,156.87,32.73,2256.15
Punjab,Kanpur,Sugarcane,95.35,24.15,2585.75
Uttar Pradesh,Pune,Wheat,189.22,27.33,2557.3
Bihar,Azamgarh,Sugarcane,161.21,15.63,2453.93
Uttar Pradesh,Kanpur,Sugarcane,54.72,18.01,3068.96
Bihar,Azamgarh,Sugarcane,67.52,38.35,3261.64
Punjab,Lucknow,Sugarcane,74.4,37.75,1892.8
Uttar Pradesh,Patna,Wheat,167.35,28.21,2430.47
Uttar Pradesh,Bhopal,Sugarcane,176.82,31.55,2756.14
Maharashtra,Patna,Sugarcane,145.06,34.5,1763.82
Uttar Pradesh,Bhopal,Potato,196.65,32.13,1299.61
Bihar,Lucknow,Sugarcane,171.65,24.35,2325.25
Uttar Pradesh,Azamgarh,Rice,121.96,37.44,1805.4
Uttar Pradesh,Bhopal,Rice,164.56,29.57,1623.16
Madhya Pradesh,Azamgarh,Wheat,186.04,26.7,2054.28
Maharashtra,Azamgarh,Rice,191.29,30.8,1844.73
Maharashtra,Varanasi,Potato,86.67,21.63,3047.55
Madhya Pradesh,Patna,Sugarcane,144.83,27.63,3070.07
Bihar,Lucknow,Potato,54.73,22.75,3177.81
Bihar,Azamgarh,Rice,104.97,33.79,2542.57
Uttar Pradesh,Patna,Mustard,96.23,24.39,2828.99
Punjab,Pune,Rice,177.51,31.86,3193.79
Bihar,Azamgarh,Potato,142.76,33.7,3175.12
Maharashtra,Pune,Rice,110.36,28.43,2623.08
Maharashtra,Varanasi,Rice,166.51,39.21,1984.99
Madhya Pradesh,Varanasi,Rice,163.99,15.24,2024.91
Maharashtra,Bhopal,Rice,88.58,36.23,2512.02
Punjab,Azamgarh,Sugarcane,97.02,29.71,3289.46
Bihar,Pune,Sugarcane,123.92,31.5,1701.24
Uttar Pradesh,Patna,Sugarcane,115.1,18.0,1749.7
Bihar,Patna,Wheat,71.06,19.92,2306.86
Madhya Pradesh,Varanasi,Wheat,137.36,18.16,3037.84
Madhya Pradesh,Lucknow,Potato,89.42,28.57,3128.58
Madhya Pradesh,Varanasi,Sugarcane,81.35,39.1,1895.15
Punjab,Varanasi,Wheat,83.4,37.32,2516.64
Bihar,Lucknow,Wheat,145.19,22.32,1349.27
Bihar,Varanasi,Rice,113.04,23.83,2969.84
Punjab,Azamgarh,Potato,190.92,18.14,2881.92
Bihar,Lucknow,Mustard,53.84,24.25,2017.48
Uttar Pradesh,Varanasi,Sugarcane,121.11,34.38,3296.23
Uttar Pradesh,Lucknow,Sugarcane,185.94,26.25,1515.18
Uttar Pradesh,Lucknow,Rice,160.17,33.82,1910.33
Maharashtra,Varanasi,Rice,170.08,28.45,2760.16
Bihar,Kanpur,Wheat,146.8,21.49,2953.48
Maharashtra,Varanasi,Rice,172.81,25.84,1313.65
Bihar,Pune,Wheat,156.72,17.61,2323.16
Bihar,Bhopal,Rice,78.58,37.32,2066.1
Bihar,Azamgarh,Mustard,64.09,27.24,2842.61
Bihar,Pune,Rice,157.0,28.86,2622.32
Uttar Pradesh,Lucknow,Sugarcane,105.38,16.27,3166.1
Punjab,Patna,Sugarcane,196.87,24.9,1831.19
Punjab,Varanasi,Sugarcane,177.77,23.28,1406.05
Madhya Pradesh,Pune,Wheat,138.32,15.84,2627.12
Maharashtra,Varanasi,Wheat,109.05,34.99,3478.73
Punjab,Bhopal,Sugarcane,109.8,19.38,2425.16
Bihar,Pune,Sugarcane,196.56,29.41,1987.24
Maharashtra,Azamgarh,Wheat,160.96,31.02,1452.36
Bihar,Lucknow,Rice,163.53,16.58,1515.37
Maharashtra,Lucknow,Wheat,133.32,26.28,2506.4
Maharashtra,Pune,Rice,100.96,30.7,3082.52
Madhya Pradesh,Varanasi,Rice,99.99,20.2,3116.43
Uttar Pradesh,Pune,Potato,86.75,30.51,2186.87
Uttar Pradesh,Pune,Rice,128.75,28.8,3449.35
Punjab,Kanpur,Sugarcane,184.62,30.62,2431.58
Madhya Pradesh,Kanpur,Mustard,173.32,22.17,1732.08
Uttar Pradesh,Kanpur,Potato,143.31,16.03,2262.43
Maharashtra,Kanpur,Rice,132.4,20.98,2952.56
Uttar Pradesh,Azamgarh,Mustard,150.5,30.99,2844.38
